timestamp;ens192_txbyt_MIN;ens192_txbyt_MAX;ens192_txbyt_AVERAGE;ens192_txerrs_MIN;ens192_txerrs_MAX;ens192_txerrs_AVERAGE;ens192_rxbyt_MIN;ens192_rxbyt_MAX;ens192_rxbyt_AVERAGE;ens192_rxerrs_MIN;ens192_rxerrs_MAX;ens192_rxerrs_AVERAGE;|virbr0_txbyt_MIN;|virbr0_txbyt_MAX;|virbr0_txbyt_AVERAGE;virbr0_txerrs_MIN;virbr0_txerrs_MAX;virbr0_txerrs_AVERAGE;virbr0_rxbyt_MIN;virbr0_rxbyt_MAX;virbr0_rxbyt_AVERAGE;virbr0_rxerrs_MIN;virbr0_rxerrs_MAX;virbr0_rxerrs_AVERAGE
1616035380;1980.4;1980.4;1980.4;0;0;0;2332.6;2332.6;2332.6;0;0;0;0;0;0;0;0;0;0;0;0;0;0;0
1616035440;1980.4;1980.4;1980.4;0;0;0;2332.6;2332.6;2332.6;0;0;0;0;0;0;0;0;0;0;0;0;0;0;0
1616035500;1980.4;1980.4;1980.4;0;0;0;2332.6;2332.6;2332.6;0;0;0;0;0;0;0;0;0;0;0;0;0;0;0
1616035560;1980.4;1980.4;1980.4;0;0;0;2332.6;2332.6;2332.6;0;0;0;0;0;0;0;0;0;0;0;0;0;0;0
1616035620;1980.4;1980.4;1980.4;0;0;0;2332.6;2332.6;2332.6;0;0;0;0;0;0;0;0;0;0;0;0;0;0;0
1616035680;788.45;788.45;788.45;0;0;0;1870.9;1870.9;1870.9;0;0;0;0;0;0;0;0;0;0;0;0;0;0;0
1616035740;788.45;788.45;788.45;0;0;0;1870.9;1870.9;1870.9;0;0;0;0;0;0;0;0;0;0;0;0;0;0;0
1616035800;788.45;788.45;788.45;0;0;0;1870.9;1870.9;1870.9;0;0;0;0;0;0;0;0;0;0;0;0;0;0;0
1616035860;788.45;788.45;788.45;0;0;0;1870.9;1870.9;1870.9;0;0;0;0;0;0;0;0;0;0;0;0;0;0;0
1616035920;788.45;788.45;788.45;0;0;0;1870.9;1870.9;1870.9;0;0;0;0;0;0;0;0;0;0;0;0;0;0;0
1616035980;1995.5;1995.5;1995.5;0;0;0;2562.7;2562.7;2562.7;0;0;0;0;0;0;0;0;0;0;0;0;0;0;0
1616036040;1995.5;1995.5;1995.5;0;0;0;2562.7;2562.7;2562.7;0;0;0;0;0;0;0;0;0;0;0;0;0;0;0
1616036100;1995.5;1995.5;1995.5;0;0;0;2562.7;2562.7;2562.7;0;0;0;0;0;0;0;0;0;0;0;0;0;0;0
1616036160;1995.5;1995.5;1995.5;0;0;0;2562.7;2562.7;2562.7;0;0;0;0;0;0;0;0;0;0;0;0;0;0;0
1616036220;1995.5;1995.5;1995.5;0;0;0;2562.7;2562.7;2562.7;0;0;0;0;0;0;0;0;0;0;0;0;0;0;0
1616036280;626.8;626.8;626.8;0;0;0;1585.4;1585.4;1585.4;0;0;0;0;0;0;0;0;0;0;0;0;0;0;0
1616036340;626.8;626.8;626.8;0;0;0;1585.4;1585.4;1585.4;0;0;0;0;0;0;0;0;0;0;0;0;0;0;0
1616036400;626.8;626.8;626.8;0;0;0;1585.4;1585.4;1585.4;0;0;0;0;0;0;0;0;0;0;0;0;0;0;0
1616036460;626.8;626.8;626.8;0;0;0;1585.4;1585.4;1585.4;0;0;0;0;0;0;0;0;0;0;0;0;0;0;0
1616036520;626.8;626.8;626.8;0;0;0;1585.4;1585.4;1585.4;0;0;0;0;0;0;0;0;0;0;0;0;0;0;0
1616036580;283.9;283.9;283.9;0;0;0;1830;1830;1830;0;0;0;0;0;0;0;0;0;0;0;0;0;0;0
1616036640;283.9;283.9;283.9;0;0;0;1830;1830;1830;0;0;0;0;0;0;0;0;0;0;0;0;0;0;0
1616036700;283.9;283.9;283.9;0;0;0;1830;1830;1830;0;0;0;0;0;0;0;0;0;0;0;0;0;0;0
1616036760;283.9;283.9;283.9;0;0;0;1830;1830;1830;0;0;0;0;0;0;0;0;0;0;0;0;0;0;0
1616036820;283.9;283.9;283.9;0;0;0;1830;1830;1830;0;0;0;0;0;0;0;0;0;0;0;0;0;0;0
1616036880;737.97333333;737.97333333;737.97333333;0;0;0;1903.7666667;1903.7666667;1903.7666667;0;0;0;0;0;0;0;0;0;0;0;0;0;0;0
1616036940;737.97333333;737.97333333;737.97333333;0;0;0;1903.7666667;1903.7666667;1903.7666667;0;0;0;0;0;0;0;0;0;0;0;0;0;0;0
1616037000;737.97333333;737.97333333;737.97333333;0;0;0;1903.7666667;1903.7666667;1903.7666667;0;0;0;0;0;0;0;0;0;0;0;0;0;0;0
1616037060;737.97333333;737.97333333;737.97333333;0;0;0;1903.7666667;1903.7666667;1903.7666667;0;0;0;0;0;0;0;0;0;0;0;0;0;0;0
1616037120;737.97333333;737.97333333;737.97333333;0;0;0;1903.7666667;1903.7666667;1903.7666667;0;0;0;0;0;0;0;0;0;0;0;0;0;0;0
1616037180;355.35;355.35;355.35;0;0;0;1618.25;1618.25;1618.25;0;0;0;0;0;0;0;0;0;0;0;0;0;0;0
1616037240;355.35;355.35;355.35;0;0;0;1618.25;1618.25;1618.25;0;0;0;0;0;0;0;0;0;0;0;0;0;0;0
1616037300;355.35;355.35;355.35;0;0;0;1618.25;1618.25;1618.25;0;0;0;0;0;0;0;0;0;0;0;0;0;0;0
1616037360;355.35;355.35;355.35;0;0;0;1618.25;1618.25;1618.25;0;0;0;0;0;0;0;0;0;0;0;0;0;0;0
1616037420;355.35;355.35;355.35;0;0;0;1618.25;1618.25;1618.25;0;0;0;0;0;0;0;0;0;0;0;0;0;0;0
1616037480;739.65;739.65;739.65;0;0;0;1646.2;1646.2;1646.2;0;0;0;0;0;0;0;0;0;0;0;0;0;0;0
1616037540;739.65;739.65;739.65;0;0;0;1646.2;1646.2;1646.2;0;0;0;0;0;0;0;0;0;0;0;0;0;0;0
1616037600;739.65;739.65;739.65;0;0;0;1646.2;1646.2;1646.2;0;0;0;0;0;0;0;0;0;0;0;0;0;0;0
1616037660;739.65;739.65;739.65;0;0;0;1646.2;1646.2;1646.2;0;0;0;0;0;0;0;0;0;0;0;0;0;0;0
1616037720;739.65;739.65;739.65;0;0;0;1646.2;1646.2;1646.2;0;0;0;0;0;0;0;0;0;0;0;0;0;0;0
1616037780;1287.8;1287.8;1287.8;0;0;0;2291.55;2291.55;2291.55;0;0;0;0;0;0;0;0;0;0;0;0;0;0;0
1616037840;1287.8;1287.8;1287.8;0;0;0;2291.55;2291.55;2291.55;0;0;0;0;0;0;0;0;0;0;0;0;0;0;0
1616037900;1287.8;1287.8;1287.8;0;0;0;2291.55;2291.55;2291.55;0;0;0;0;0;0;0;0;0;0;0;0;0;0;0
1616037960;1287.8;1287.8;1287.8;0;0;0;2291.55;2291.55;2291.55;0;0;0;0;0;0;0;0;0;0;0;0;0;0;0
1616038020;1287.8;1287.8;1287.8;0;0;0;2291.55;2291.55;2291.55;0;0;0;0;0;0;0;0;0;0;0;0;0;0;0
1616038080;494.5;494.5;494.5;0;0;0;1462.05;1462.05;1462.05;0;0;0;0;0;0;0;0;0;0;0;0;0;0;0
1616038140;494.5;494.5;494.5;0;0;0;1462.05;1462.05;1462.05;0;0;0;0;0;0;0;0;0;0;0;0;0;0;0
1616038200;494.5;494.5;494.5;0;0;0;1462.05;1462.05;1462.05;0;0;0;0;0;0;0;0;0;0;0;0;0;0;0
1616038260;494.5;494.5;494.5;0;0;0;1462.05;1462.05;1462.05;0;0;0;0;0;0;0;0;0;0;0;0;0;0;0
1616038320;494.5;494.5;494.5;0;0;0;1462.05;1462.05;1462.05;0;0;0;0;0;0;0;0;0;0;0;0;0;0;0
1616038380;283.9;283.9;283.9;0;0;0;1374.2;1374.2;1374.2;0;0;0;0;0;0;0;0;0;0;0;0;0;0;0
1616038440;283.9;283.9;283.9;0;0;0;1374.2;1374.2;1374.2;0;0;0;0;0;0;0;0;0;0;0;0;0;0;0
1616038500;283.9;283.9;283.9;0;0;0;1374.2;1374.2;1374.2;0;0;0;0;0;0;0;0;0;0;0;0;0;0;0
1616038560;283.9;283.9;283.9;0;0;0;1374.2;1374.2;1374.2;0;0;0;0;0;0;0;0;0;0;0;0;0;0;0
1616038620;283.9;283.9;283.9;0;0;0;1374.2;1374.2;1374.2;0;0;0;0;0;0;0;0;0;0;0;0;0;0;0
1616038680;1022.85;1022.85;1022.85;0;0;0;1963.45;1963.45;1963.45;0;0;0;0;0;0;0;0;0;0;0;0;0;0;0
1616038740;1022.85;1022.85;1022.85;0;0;0;1963.45;1963.45;1963.45;0;0;0;0;0;0;0;0;0;0;0;0;0;0;0
1616038800;1022.85;1022.85;1022.85;0;0;0;1963.45;1963.45;1963.45;0;0;0;0;0;0;0;0;0;0;0;0;0;0;0
1616038860;1022.85;1022.85;1022.85;0;0;0;1963.45;1963.45;1963.45;0;0;0;0;0;0;0;0;0;0;0;0;0;0;0
1616038920;1022.85;1022.85;1022.85;0;0;0;1963.45;1963.45;1963.45;0;0;0;0;0;0;0;0;0;0;0;0;0;0;0
1616038980;2027.95;2027.95;2027.95;0;0;0;2543.55;2543.55;2543.55;0;0;0;0;0;0;0;0;0;0;0;0;0;0;0
1616039040;2027.95;2027.95;2027.95;0;0;0;2543.55;2543.55;2543.55;0;0;0;0;0;0;0;0;0;0;0;0;0;0;0
1616039100;2027.95;2027.95;2027.95;0;0;0;2543.55;2543.55;2543.55;0;0;0;0;0;0;0;0;0;0;0;0;0;0;0
1616039160;2027.95;2027.95;2027.95;0;0;0;2543.55;2543.55;2543.55;0;0;0;0;0;0;0;0;0;0;0;0;0;0;0
1616039220;2027.95;2027.95;2027.95;0;0;0;2543.55;2543.55;2543.55;0;0;0;0;0;0;0;0;0;0;0;0;0;0;0
1616039280;1257.2;1257.2;1257.2;0;0;0;2062.75;2062.75;2062.75;0;0;0;0;0;0;0;0;0;0;0;0;0;0;0
1616039340;1257.2;1257.2;1257.2;0;0;0;2062.75;2062.75;2062.75;0;0;0;0;0;0;0;0;0;0;0;0;0;0;0
1616039400;1257.2;1257.2;1257.2;0;0;0;2062.75;2062.75;2062.75;0;0;0;0;0;0;0;0;0;0;0;0;0;0;0
1616039460;1257.2;1257.2;1257.2;0;0;0;2062.75;2062.75;2062.75;0;0;0;0;0;0;0;0;0;0;0;0;0;0;0
1616039520;1257.2;1257.2;1257.2;0;0;0;2062.75;2062.75;2062.75;0;0;0;0;0;0;0;0;0;0;0;0;0;0;0
1616039580;1793.55;1793.55;1793.55;0;0;0;2765.4;2765.4;2765.4;0;0;0;0;0;0;0;0;0;0;0;0;0;0;0
1616039640;1793.55;1793.55;1793.55;0;0;0;2765.4;2765.4;2765.4;0;0;0;0;0;0;0;0;0;0;0;0;0;0;0
1616039700;1793.55;1793.55;1793.55;0;0;0;2765.4;2765.4;2765.4;0;0;0;0;0;0;0;0;0;0;0;0;0;0;0
1616039760;1793.55;1793.55;1793.55;0;0;0;2765.4;2765.4;2765.4;0;0;0;0;0;0;0;0;0;0;0;0;0;0;0
1616039820;1793.55;1793.55;1793.55;0;0;0;2765.4;2765.4;2765.4;0;0;0;0;0;0;0;0;0;0;0;0;0;0;0
1616039880;1279.46;1279.46;1279.46;0;0;0;2089.12;2089.12;2089.12;0;0;0;0;0;0;0;0;0;0;0;0;0;0;0
1616039940;1279.46;1279.46;1279.46;0;0;0;2089.12;2089.12;2089.12;0;0;0;0;0;0;0;0;0;0;0;0;0;0;0
1616040000;1279.46;1279.46;1279.46;0;0;0;2089.12;2089.12;2089.12;0;0;0;0;0;0;0;0;0;0;0;0;0;0;0
1616040060;1279.46;1279.46;1279.46;0;0;0;2089.12;2089.12;2089.12;0;0;0;0;0;0;0;0;0;0;0;0;0;0;0
1616040120;1279.46;1279.46;1279.46;0;0;0;2089.12;2089.12;2089.12;0;0;0;0;0;0;0;0;0;0;0;0;0;0;0
1616040180;230.7;230.7;230.7;0;0;0;1193.85;1193.85;1193.85;0;0;0;0;0;0;0;0;0;0;0;0;0;0;0
1616040240;230.7;230.7;230.7;0;0;0;1193.85;1193.85;1193.85;0;0;0;0;0;0;0;0;0;0;0;0;0;0;0
1616040300;230.7;230.7;230.7;0;0;0;1193.85;1193.85;1193.85;0;0;0;0;0;0;0;0;0;0;0;0;0;0;0
1616040360;230.7;230.7;230.7;0;0;0;1193.85;1193.85;1193.85;0;0;0;0;0;0;0;0;0;0;0;0;0;0;0
1616040420;230.7;230.7;230.7;0;0;0;1193.85;1193.85;1193.85;0;0;0;0;0;0;0;0;0;0;0;0;0;0;0
1616040480;994.2;994.2;994.2;0;0;0;1755.6;1755.6;1755.6;0;0;0;0;0;0;0;0;0;0;0;0;0;0;0
1616040540;994.2;994.2;994.2;0;0;0;1755.6;1755.6;1755.6;0;0;0;0;0;0;0;0;0;0;0;0;0;0;0
1616040600;994.2;994.2;994.2;0;0;0;1755.6;1755.6;1755.6;0;0;0;0;0;0;0;0;0;0;0;0;0;0;0
1616040660;994.2;994.2;994.2;0;0;0;1755.6;1755.6;1755.6;0;0;0;0;0;0;0;0;0;0;0;0;0;0;0
1616040720;994.2;994.2;994.2;0;0;0;1755.6;1755.6;1755.6;0;0;0;0;0;0;0;0;0;0;0;0;0;0;0
1616040780;927.65;927.65;927.65;0;0;0;1368;1368;1368;0;0;0;0;0;0;0;0;0;0;0;0;0;0;0
1616040840;927.65;927.65;927.65;0;0;0;1368;1368;1368;0;0;0;0;0;0;0;0;0;0;0;0;0;0;0
1616040900;927.65;927.65;927.65;0;0;0;1368;1368;1368;0;0;0;0;0;0;0;0;0;0;0;0;0;0;0
1616040960;927.65;927.65;927.65;0;0;0;1368;1368;1368;0;0;0;0;0;0;0;0;0;0;0;0;0;0;0
1616041020;927.65;927.65;927.65;0;0;0;1368;1368;1368;0;0;0;0;0;0;0;0;0;0;0;0;0;0;0
1616041080;1349.4;1349.4;1349.4;0;0;0;2156.05;2156.05;2156.05;0;0;0;0;0;0;0;0;0;0;0;0;0;0;0
1616041140;1349.4;1349.4;1349.4;0;0;0;2156.05;2156.05;2156.05;0;0;0;0;0;0;0;0;0;0;0;0;0;0;0
1616041200;1349.4;1349.4;1349.4;0;0;0;2156.05;2156.05;2156.05;0;0;0;0;0;0;0;0;0;0;0;0;0;0;0
1616041260;1349.4;1349.4;1349.4;0;0;0;2156.05;2156.05;2156.05;0;0;0;0;0;0;0;0;0;0;0;0;0;0;0
1616041320;1349.4;1349.4;1349.4;0;0;0;2156.05;2156.05;2156.05;0;0;0;0;0;0;0;0;0;0;0;0;0;0;0
1616041380;1204.05;1204.05;1204.05;0;0;0;1920;1920;1920;0;0;0;0;0;0;0;0;0;0;0;0;0;0;0
1616041440;1204.05;1204.05;1204.05;0;0;0;1920;1920;1920;0;0;0;0;0;0;0;0;0;0;0;0;0;0;0
1616041500;1204.05;1204.05;1204.05;0;0;0;1920;1920;1920;0;0;0;0;0;0;0;0;0;0;0;0;0;0;0
1616041560;1204.05;1204.05;1204.05;0;0;0;1920;1920;1920;0;0;0;0;0;0;0;0;0;0;0;0;0;0;0
1616041620;1204.05;1204.05;1204.05;0;0;0;1920;1920;1920;0;0;0;0;0;0;0;0;0;0;0;0;0;0;0
1616041680;696.5;696.5;696.5;0;0;0;1924.1;1924.1;1924.1;0;0;0;0;0;0;0;0;0;0;0;0;0;0;0
1616041740;696.5;696.5;696.5;0;0;0;1924.1;1924.1;1924.1;0;0;0;0;0;0;0;0;0;0;0;0;0;0;0
1616041800;696.5;696.5;696.5;0;0;0;1924.1;1924.1;1924.1;0;0;0;0;0;0;0;0;0;0;0;0;0;0;0
1616041860;696.5;696.5;696.5;0;0;0;1924.1;1924.1;1924.1;0;0;0;0;0;0;0;0;0;0;0;0;0;0;0
1616041920;696.5;696.5;696.5;0;0;0;1924.1;1924.1;1924.1;0;0;0;0;0;0;0;0;0;0;0;0;0;0;0
1616041980;2474.65;2474.65;2474.65;0;0;0;1948.05;1948.05;1948.05;0;0;0;0;0;0;0;0;0;0;0;0;0;0;0
1616042040;2474.65;2474.65;2474.65;0;0;0;1948.05;1948.05;1948.05;0;0;0;0;0;0;0;0;0;0;0;0;0;0;0
1616042100;2474.65;2474.65;2474.65;0;0;0;1948.05;1948.05;1948.05;0;0;0;0;0;0;0;0;0;0;0;0;0;0;0
1616042160;2474.65;2474.65;2474.65;0;0;0;1948.05;1948.05;1948.05;0;0;0;0;0;0;0;0;0;0;0;0;0;0;0
1616042220;2474.65;2474.65;2474.65;0;0;0;1948.05;1948.05;1948.05;0;0;0;0;0;0;0;0;0;0;0;0;0;0;0
1616042280;2004;2004;2004;0;0;0;2478.7;2478.7;2478.7;0;0;0;0;0;0;0;0;0;0;0;0;0;0;0
1616042340;2004;2004;2004;0;0;0;2478.7;2478.7;2478.7;0;0;0;0;0;0;0;0;0;0;0;0;0;0;0
1616042400;2004;2004;2004;0;0;0;2478.7;2478.7;2478.7;0;0;0;0;0;0;0;0;0;0;0;0;0;0;0
1616042460;2004;2004;2004;0;0;0;2478.7;2478.7;2478.7;0;0;0;0;0;0;0;0;0;0;0;0;0;0;0
1616042520;2004;2004;2004;0;0;0;2478.7;2478.7;2478.7;0;0;0;0;0;0;0;0;0;0;0;0;0;0;0
1616042580;979.08;979.08;979.08;0;0;0;2108.0266667;2108.0266667;2108.0266667;0;0;0;0;0;0;0;0;0;0;0;0;0;0;0
1616042640;979.08;979.08;979.08;0;0;0;2108.0266667;2108.0266667;2108.0266667;0;0;0;0;0;0;0;0;0;0;0;0;0;0;0
1616042700;979.08;979.08;979.08;0;0;0;2108.0266667;2108.0266667;2108.0266667;0;0;0;0;0;0;0;0;0;0;0;0;0;0;0
1616042760;979.08;979.08;979.08;0;0;0;2108.0266667;2108.0266667;2108.0266667;0;0;0;0;0;0;0;0;0;0;0;0;0;0;0
1616042820;979.08;979.08;979.08;0;0;0;2108.0266667;2108.0266667;2108.0266667;0;0;0;0;0;0;0;0;0;0;0;0;0;0;0
1616042880;1750.6;1750.6;1750.6;0;0;0;2105.6;2105.6;2105.6;0;0;0;0;0;0;0;0;0;0;0;0;0;0;0
1616042940;1750.6;1750.6;1750.6;0;0;0;2105.6;2105.6;2105.6;0;0;0;0;0;0;0;0;0;0;0;0;0;0;0
1616043000;1750.6;1750.6;1750.6;0;0;0;2105.6;2105.6;2105.6;0;0;0;0;0;0;0;0;0;0;0;0;0;0;0
1616043060;1750.6;1750.6;1750.6;0;0;0;2105.6;2105.6;2105.6;0;0;0;0;0;0;0;0;0;0;0;0;0;0;0
1616043120;1750.6;1750.6;1750.6;0;0;0;2105.6;2105.6;2105.6;0;0;0;0;0;0;0;0;0;0;0;0;0;0;0
1616043180;982.55;982.55;982.55;0;0;0;1678;1678;1678;0;0;0;0;0;0;0;0;0;0;0;0;0;0;0
1616043240;982.55;982.55;982.55;0;0;0;1678;1678;1678;0;0;0;0;0;0;0;0;0;0;0;0;0;0;0
1616043300;982.55;982.55;982.55;0;0;0;1678;1678;1678;0;0;0;0;0;0;0;0;0;0;0;0;0;0;0
1616043360;982.55;982.55;982.55;0;0;0;1678;1678;1678;0;0;0;0;0;0;0;0;0;0;0;0;0;0;0
1616043420;982.55;982.55;982.55;0;0;0;1678;1678;1678;0;0;0;0;0;0;0;0;0;0;0;0;0;0;0
1616043480;2114.25;2114.25;2114.25;0;0;0;2446.6;2446.6;2446.6;0;0;0;0;0;0;0;0;0;0;0;0;0;0;0
1616043540;2114.25;2114.25;2114.25;0;0;0;2446.6;2446.6;2446.6;0;0;0;0;0;0;0;0;0;0;0;0;0;0;0
1616043600;2114.25;2114.25;2114.25;0;0;0;2446.6;2446.6;2446.6;0;0;0;0;0;0;0;0;0;0;0;0;0;0;0
1616043660;2114.25;2114.25;2114.25;0;0;0;2446.6;2446.6;2446.6;0;0;0;0;0;0;0;0;0;0;0;0;0;0;0
1616043720;2114.25;2114.25;2114.25;0;0;0;2446.6;2446.6;2446.6;0;0;0;0;0;0;0;0;0;0;0;0;0;0;0
1616043780;1513.4;1513.4;1513.4;0;0;0;1956.8;1956.8;1956.8;0;0;0;0;0;0;0;0;0;0;0;0;0;0;0
1616043840;1513.4;1513.4;1513.4;0;0;0;1956.8;1956.8;1956.8;0;0;0;0;0;0;0;0;0;0;0;0;0;0;0
1616043900;1513.4;1513.4;1513.4;0;0;0;1956.8;1956.8;1956.8;0;0;0;0;0;0;0;0;0;0;0;0;0;0;0
1616043960;1513.4;1513.4;1513.4;0;0;0;1956.8;1956.8;1956.8;0;0;0;0;0;0;0;0;0;0;0;0;0;0;0
1616044020;1513.4;1513.4;1513.4;0;0;0;1956.8;1956.8;1956.8;0;0;0;0;0;0;0;0;0;0;0;0;0;0;0
1616044080;902.9;902.9;902.9;0;0;0;1717.35;1717.35;1717.35;0;0;0;0;0;0;0;0;0;0;0;0;0;0;0
1616044140;902.9;902.9;902.9;0;0;0;1717.35;1717.35;1717.35;0;0;0;0;0;0;0;0;0;0;0;0;0;0;0
1616044200;902.9;902.9;902.9;0;0;0;1717.35;1717.35;1717.35;0;0;0;0;0;0;0;0;0;0;0;0;0;0;0
1616044260;902.9;902.9;902.9;0;0;0;1717.35;1717.35;1717.35;0;0;0;0;0;0;0;0;0;0;0;0;0;0;0
1616044320;902.9;902.9;902.9;0;0;0;1717.35;1717.35;1717.35;0;0;0;0;0;0;0;0;0;0;0;0;0;0;0
1616044380;2402.85;2402.85;2402.85;0;0;0;2535.65;2535.65;2535.65;0;0;0;0;0;0;0;0;0;0;0;0;0;0;0
1616044440;2402.85;2402.85;2402.85;0;0;0;2535.65;2535.65;2535.65;0;0;0;0;0;0;0;0;0;0;0;0;0;0;0
1616044500;2402.85;2402.85;2402.85;0;0;0;2535.65;2535.65;2535.65;0;0;0;0;0;0;0;0;0;0;0;0;0;0;0
1616044560;2402.85;2402.85;2402.85;0;0;0;2535.65;2535.65;2535.65;0;0;0;0;0;0;0;0;0;0;0;0;0;0;0
1616044620;2402.85;2402.85;2402.85;0;0;0;2535.65;2535.65;2535.65;0;0;0;0;0;0;0;0;0;0;0;0;0;0;0
1616044680;3165.65;3165.65;3165.65;0;0;0;2769;2769;2769;0;0;0;0;0;0;0;0;0;0;0;0;0;0;0
1616044740;3165.65;3165.65;3165.65;0;0;0;2769;2769;2769;0;0;0;0;0;0;0;0;0;0;0;0;0;0;0
1616044800;3165.65;3165.65;3165.65;0;0;0;2769;2769;2769;0;0;0;0;0;0;0;0;0;0;0;0;0;0;0
1616044860;3165.65;3165.65;3165.65;0;0;0;2769;2769;2769;0;0;0;0;0;0;0;0;0;0;0;0;0;0;0
1616044920;3165.65;3165.65;3165.65;0;0;0;2769;2769;2769;0;0;0;0;0;0;0;0;0;0;0;0;0;0;0
1616044980;1652.4933333;1652.4933333;1652.4933333;0;0;0;2584.1866667;2584.1866667;2584.1866667;0;0;0;0;0;0;0;0;0;0;0;0;0;0;0
1616045040;1652.4933333;1652.4933333;1652.4933333;0;0;0;2584.1866667;2584.1866667;2584.1866667;0;0;0;0;0;0;0;0;0;0;0;0;0;0;0
1616045100;1652.4933333;1652.4933333;1652.4933333;0;0;0;2584.1866667;2584.1866667;2584.1866667;0;0;0;0;0;0;0;0;0;0;0;0;0;0;0
1616045160;1652.4933333;1652.4933333;1652.4933333;0;0;0;2584.1866667;2584.1866667;2584.1866667;0;0;0;0;0;0;0;0;0;0;0;0;0;0;0
1616045220;1652.4933333;1652.4933333;1652.4933333;0;0;0;2584.1866667;2584.1866667;2584.1866667;0;0;0;0;0;0;0;0;0;0;0;0;0;0;0
1616045280;1831.35;1831.35;1831.35;0;0;0;1827.2;1827.2;1827.2;0;0;0;0;0;0;0;0;0;0;0;0;0;0;0
1616045340;1831.35;1831.35;1831.35;0;0;0;1827.2;1827.2;1827.2;0;0;0;0;0;0;0;0;0;0;0;0;0;0;0
1616045400;1831.35;1831.35;1831.35;0;0;0;1827.2;1827.2;1827.2;0;0;0;0;0;0;0;0;0;0;0;0;0;0;0
1616045460;1831.35;1831.35;1831.35;0;0;0;1827.2;1827.2;1827.2;0;0;0;0;0;0;0;0;0;0;0;0;0;0;0
1616045520;1831.35;1831.35;1831.35;0;0;0;1827.2;1827.2;1827.2;0;0;0;0;0;0;0;0;0;0;0;0;0;0;0
1616045580;2380.65;2380.65;2380.65;0;0;0;2390.2;2390.2;2390.2;0;0;0;0;0;0;0;0;0;0;0;0;0;0;0
1616045640;2380.65;2380.65;2380.65;0;0;0;2390.2;2390.2;2390.2;0;0;0;0;0;0;0;0;0;0;0;0;0;0;0
1616045700;2380.65;2380.65;2380.65;0;0;0;2390.2;2390.2;2390.2;0;0;0;0;0;0;0;0;0;0;0;0;0;0;0
1616045760;2380.65;2380.65;2380.65;0;0;0;2390.2;2390.2;2390.2;0;0;0;0;0;0;0;0;0;0;0;0;0;0;0
1616045820;2380.65;2380.65;2380.65;0;0;0;2390.2;2390.2;2390.2;0;0;0;0;0;0;0;0;0;0;0;0;0;0;0
1616045880;2683.15;2683.15;2683.15;0;0;0;2712.6;2712.6;2712.6;0;0;0;0;0;0;0;0;0;0;0;0;0;0;0
1616045940;2683.15;2683.15;2683.15;0;0;0;2712.6;2712.6;2712.6;0;0;0;0;0;0;0;0;0;0;0;0;0;0;0
1616046000;2683.15;2683.15;2683.15;0;0;0;2712.6;2712.6;2712.6;0;0;0;0;0;0;0;0;0;0;0;0;0;0;0
1616046060;2683.15;2683.15;2683.15;0;0;0;2712.6;2712.6;2712.6;0;0;0;0;0;0;0;0;0;0;0;0;0;0;0
1616046120;2683.15;2683.15;2683.15;0;0;0;2712.6;2712.6;2712.6;0;0;0;0;0;0;0;0;0;0;0;0;0;0;0
1616046180;3971.5;3971.5;3971.5;0;0;0;3426.3;3426.3;3426.3;0;0;0;0;0;0;0;0;0;0;0;0;0;0;0
1616046240;3971.5;3971.5;3971.5;0;0;0;3426.3;3426.3;3426.3;0;0;0;0;0;0;0;0;0;0;0;0;0;0;0
1616046300;3971.5;3971.5;3971.5;0;0;0;3426.3;3426.3;3426.3;0;0;0;0;0;0;0;0;0;0;0;0;0;0;0
1616046360;3971.5;3971.5;3971.5;0;0;0;3426.3;3426.3;3426.3;0;0;0;0;0;0;0;0;0;0;0;0;0;0;0
1616046420;3971.5;3971.5;3971.5;0;0;0;3426.3;3426.3;3426.3;0;0;0;0;0;0;0;0;0;0;0;0;0;0;0
1616046480;3191.55;3191.55;3191.55;0;0;0;2799.7;2799.7;2799.7;0;0;0;0;0;0;0;0;0;0;0;0;0;0;0
1616046540;3191.55;3191.55;3191.55;0;0;0;2799.7;2799.7;2799.7;0;0;0;0;0;0;0;0;0;0;0;0;0;0;0
1616046600;3191.55;3191.55;3191.55;0;0;0;2799.7;2799.7;2799.7;0;0;0;0;0;0;0;0;0;0;0;0;0;0;0
1616046660;3191.55;3191.55;3191.55;0;0;0;2799.7;2799.7;2799.7;0;0;0;0;0;0;0;0;0;0;0;0;0;0;0
1616046720;3191.55;3191.55;3191.55;0;0;0;2799.7;2799.7;2799.7;0;0;0;0;0;0;0;0;0;0;0;0;0;0;0
1616046780;3476.55;3476.55;3476.55;0;0;0;2850.75;2850.75;2850.75;0;0;0;0;0;0;0;0;0;0;0;0;0;0;0
1616046840;3476.55;3476.55;3476.55;0;0;0;2850.75;2850.75;2850.75;0;0;0;0;0;0;0;0;0;0;0;0;0;0;0
1616046900;3476.55;3476.55;3476.55;0;0;0;2850.75;2850.75;2850.75;0;0;0;0;0;0;0;0;0;0;0;0;0;0;0
1616046960;3476.55;3476.55;3476.55;0;0;0;2850.75;2850.75;2850.75;0;0;0;0;0;0;0;0;0;0;0;0;0;0;0
1616047020;3476.55;3476.55;3476.55;0;0;0;2850.75;2850.75;2850.75;0;0;0;0;0;0;0;0;0;0;0;0;0;0;0
1616047080;4097.75;4097.75;4097.75;0;0;0;2664.55;2664.55;2664.55;0;0;0;0;0;0;0;0;0;0;0;0;0;0;0
1616047140;4097.75;4097.75;4097.75;0;0;0;2664.55;2664.55;2664.55;0;0;0;0;0;0;0;0;0;0;0;0;0;0;0
1616047200;4097.75;4097.75;4097.75;0;0;0;2664.55;2664.55;2664.55;0;0;0;0;0;0;0;0;0;0;0;0;0;0;0
1616047260;4097.75;4097.75;4097.75;0;0;0;2664.55;2664.55;2664.55;0;0;0;0;0;0;0;0;0;0;0;0;0;0;0
1616047320;4097.75;4097.75;4097.75;0;0;0;2664.55;2664.55;2664.55;0;0;0;0;0;0;0;0;0;0;0;0;0;0;0
1616047380;6142.9;6142.9;6142.9;0;0;0;4501.95;4501.95;4501.95;0;0;0;0;0;0;0;0;0;0;0;0;0;0;0
1616047440;6142.9;6142.9;6142.9;0;0;0;4501.95;4501.95;4501.95;0;0;0;0;0;0;0;0;0;0;0;0;0;0;0
1616047500;6142.9;6142.9;6142.9;0;0;0;4501.95;4501.95;4501.95;0;0;0;0;0;0;0;0;0;0;0;0;0;0;0
1616047560;6142.9;6142.9;6142.9;0;0;0;4501.95;4501.95;4501.95;0;0;0;0;0;0;0;0;0;0;0;0;0;0;0
1616047620;6142.9;6142.9;6142.9;0;0;0;4501.95;4501.95;4501.95;0;0;0;0;0;0;0;0;0;0;0;0;0;0;0
1616047680;1281.6933333;1281.6933333;1281.6933333;0;0;0;2635.0533333;2635.0533333;2635.0533333;0;0;0;0;0;0;0;0;0;0;0;0;0;0;0
1616047740;1281.6933333;1281.6933333;1281.6933333;0;0;0;2635.0533333;2635.0533333;2635.0533333;0;0;0;0;0;0;0;0;0;0;0;0;0;0;0
1616047800;1281.6933333;1281.6933333;1281.6933333;0;0;0;2635.0533333;2635.0533333;2635.0533333;0;0;0;0;0;0;0;0;0;0;0;0;0;0;0
1616047860;1281.6933333;1281.6933333;1281.6933333;0;0;0;2635.0533333;2635.0533333;2635.0533333;0;0;0;0;0;0;0;0;0;0;0;0;0;0;0
1616047920;1281.6933333;1281.6933333;1281.6933333;0;0;0;2635.0533333;2635.0533333;2635.0533333;0;0;0;0;0;0;0;0;0;0;0;0;0;0;0
1616047980;3122.75;3122.75;3122.75;0;0;0;2482.65;2482.65;2482.65;0;0;0;0;0;0;0;0;0;0;0;0;0;0;0
1616048040;3122.75;3122.75;3122.75;0;0;0;2482.65;2482.65;2482.65;0;0;0;0;0;0;0;0;0;0;0;0;0;0;0
1616048100;3122.75;3122.75;3122.75;0;0;0;2482.65;2482.65;2482.65;0;0;0;0;0;0;0;0;0;0;0;0;0;0;0
1616048160;3122.75;3122.75;3122.75;0;0;0;2482.65;2482.65;2482.65;0;0;0;0;0;0;0;0;0;0;0;0;0;0;0
1616048220;3122.75;3122.75;3122.75;0;0;0;2482.65;2482.65;2482.65;0;0;0;0;0;0;0;0;0;0;0;0;0;0;0
1616048280;1993.9;1993.9;1993.9;0;0;0;2695.15;2695.15;2695.15;0;0;0;0;0;0;0;0;0;0;0;0;0;0;0
1616048340;1993.9;1993.9;1993.9;0;0;0;2695.15;2695.15;2695.15;0;0;0;0;0;0;0;0;0;0;0;0;0;0;0
1616048400;1993.9;1993.9;1993.9;0;0;0;2695.15;2695.15;2695.15;0;0;0;0;0;0;0;0;0;0;0;0;0;0;0
1616048460;1993.9;1993.9;1993.9;0;0;0;2695.15;2695.15;2695.15;0;0;0;0;0;0;0;0;0;0;0;0;0;0;0
1616048520;1993.9;1993.9;1993.9;0;0;0;2695.15;2695.15;2695.15;0;0;0;0;0;0;0;0;0;0;0;0;0;0;0
1616048580;3801.55;3801.55;3801.55;0;0;0;2610.25;2610.25;2610.25;0;0;0;0;0;0;0;0;0;0;0;0;0;0;0
1616048640;3801.55;3801.55;3801.55;0;0;0;2610.25;2610.25;2610.25;0;0;0;0;0;0;0;0;0;0;0;0;0;0;0
1616048700;3801.55;3801.55;3801.55;0;0;0;2610.25;2610.25;2610.25;0;0;0;0;0;0;0;0;0;0;0;0;0;0;0
1616048760;3801.55;3801.55;3801.55;0;0;0;2610.25;2610.25;2610.25;0;0;0;0;0;0;0;0;0;0;0;0;0;0;0
1616048820;3801.55;3801.55;3801.55;0;0;0;2610.25;2610.25;2610.25;0;0;0;0;0;0;0;0;0;0;0;0;0;0;0
1616048880;3882;3882;3882;0;0;0;2839.05;2839.05;2839.05;0;0;0;0;0;0;0;0;0;0;0;0;0;0;0
1616048940;3882;3882;3882;0;0;0;2839.05;2839.05;2839.05;0;0;0;0;0;0;0;0;0;0;0;0;0;0;0
1616049000;3882;3882;3882;0;0;0;2839.05;2839.05;2839.05;0;0;0;0;0;0;0;0;0;0;0;0;0;0;0
1616049060;3882;3882;3882;0;0;0;2839.05;2839.05;2839.05;0;0;0;0;0;0;0;0;0;0;0;0;0;0;0
1616049120;3882;3882;3882;0;0;0;2839.05;2839.05;2839.05;0;0;0;0;0;0;0;0;0;0;0;0;0;0;0
1616049180;2901.95;2901.95;2901.95;0;0;0;2558.3;2558.3;2558.3;0;0;0;0;0;0;0;0;0;0;0;0;0;0;0
1616049240;2901.95;2901.95;2901.95;0;0;0;2558.3;2558.3;2558.3;0;0;0;0;0;0;0;0;0;0;0;0;0;0;0
1616049300;2901.95;2901.95;2901.95;0;0;0;2558.3;2558.3;2558.3;0;0;0;0;0;0;0;0;0;0;0;0;0;0;0
1616049360;2901.95;2901.95;2901.95;0;0;0;2558.3;2558.3;2558.3;0;0;0;0;0;0;0;0;0;0;0;0;0;0;0
1616049420;2901.95;2901.95;2901.95;0;0;0;2558.3;2558.3;2558.3;0;0;0;0;0;0;0;0;0;0;0;0;0;0;0
1616049480;2521.25;2521.25;2521.25;0;0;0;2982.95;2982.95;2982.95;0;0;0;0;0;0;0;0;0;0;0;0;0;0;0
1616049540;2521.25;2521.25;2521.25;0;0;0;2982.95;2982.95;2982.95;0;0;0;0;0;0;0;0;0;0;0;0;0;0;0
1616049600;2521.25;2521.25;2521.25;0;0;0;2982.95;2982.95;2982.95;0;0;0;0;0;0;0;0;0;0;0;0;0;0;0
1616049660;2521.25;2521.25;2521.25;0;0;0;2982.95;2982.95;2982.95;0;0;0;0;0;0;0;0;0;0;0;0;0;0;0
1616049720;2521.25;2521.25;2521.25;0;0;0;2982.95;2982.95;2982.95;0;0;0;0;0;0;0;0;0;0;0;0;0;0;0
1616049780;0;0;0;0;0;0;0;0;0;0;0;0;0;0;0;0;0;0;0;0;0;0;0;0
